1531584000.0,435.88,454.0,433.92,449.85,1350160000,43890800000
1531497600.0,434.51,439.43,431.47,436.09,1235820000,43743700000
1531411200.0,430.74,442.36,430.74,434.03,1489670000,43355400000
1531324800.0,446.5,446.5,422.81,430.07,1495440000,44932700000
1531238400.0,434.52,447.32,429.51,446.52,1422470000,43717400000
1531152000.0,476.16,478.32,433.96,434.42,1789070000,47897900000
1531065600.0,488.88,490.85,475.18,476.68,1533800000,49166900000
1530979200.0,492.07,503.2,488.42,489.12,1344560000,49477700000
1530892800.0,474.06,491.66,466.84,491.66,1358360000,47656900000
1530806400.0,474.36,479.65,457.62,474.01,1627610000,47677400000
1530720000.0,467.29,483.23,464.63,474.41,1828610000,46957300000
1530633600.0,464.15,481.44,455.19,467.32,1549770000,46632600000
1530547200.0,475.39,483.85,462.58,464.2,1683940000,47751700000
1530460800.0,453.82,479.13,447.11,475.35,1625790000,45576400000
1530374400.0,455.24,457.14,446.39,453.92,1511730000,45709500000
1530288000.0,436.21,458.8,436.21,455.18,1475940000,43789500000
1530201600.0,422.59,441.79,407.95,436.01,1564500000,42413400000
1530115200.0,442.29,443.62,419.68,422.37,1360790000,44381900000
1530028800.0,432.24,444.24,424.84,442.37,1368940000,43364900000
1529942400.0,460.73,461.21,432.77,432.77,1356560000,46213600000
1529856000.0,455.94,470.34,448.9,460.31,4007950000,45723100000
1529769600.0,474.77,475.36,426.47,457.67,2490580000,47601900000
1529683200.0,466.27,479.13,462.39,474.52,1651380000,46740700000
1529596800.0,527.19,527.19,456.88,465.82,2226030000,52836600000
1529510400.0,536.45,543.72,524.26,527.37,1462070000,53752900000
1529424000.0,538.51,541.02,519.37,536.27,1596290000,53948200000
1529337600.0,519.02,542.35,516.31,537.96,1726570000,51985700000
1529251200.0,499.38,521.8,494.07,518.89,1513870000,50008200000
1529164800.0,499.46,507.64,498.65,500.45,1264870000,50005800000
1529078400.0,490.41,503.22,488.85,499.64,1314110000,49090100000
1528992000.0,520.48,521.31,487.47,491.0,1808270000,52088900000
1528905600.0,478.38,523.55,467.47,519.74,2458650000,47865900000
1528819200.0,498.02,501.91,459.0,477.49,2080130000,49820500000
1528732800.0,532.71,538.96,491.24,496.84,1932760000,53280100000
1528646400.0,524.86,536.86,515.27,533.28,1982120000,52483700000
1528560000.0,594.35,594.35,511.89,526.48,2234880000,59420100000
1528473600.0,600.91,608.58,597.56,597.56,1519310000,60063400000
1528387200.0,605.44,608.81,595.59,601.08,1637780000,60504500000
1528300800.0,607.69,616.14,601.69,605.19,1880140000,60716100000
1528214400.0,610.26,611.64,596.4,607.12,1756530000,60960700000
1528128000.0,593.41,611.33,580.98,609.3,1844270000,59264900000
1528041600.0,619.44,623.43,583.75,592.99,1903430000,61851800000
1527955200.0,591.26,624.51,591.26,618.33,1832550000,59026100000
1527868800.0,580.43,597.08,577.32,591.81,1880390000,57932900000
1527782400.0,578.67,589.09,567.67,580.04,1945890000,57745700000
1527696000.0,558.5,585.54,557.07,577.65,1985040000,55720800000
1527609600.0,566.83,583.14,545.43,559.59,2053970000,56540500000
1527523200.0,516.15,572.26,516.15,565.39,2330820000,51474400000
1527436800.0,573.05,576.05,512.55,516.04,2356900000,57136700000
1527350400.0,588.52,590.33,562.87,572.67,1788790000,58667600000
1527264000.0,587.43,606.18,583.51,587.28,1694300000,58546400000
1527177600.0,602.14,617.19,575.62,586.73,2110920000,60000400000
1527091200.0,584.54,610.82,557.21,601.76,2791100000,58234400000
1527004800.0,646.67,651.64,572.95,583.59,2995430000,64411000000
1526918400.0,700.18,700.98,644.03,647.74,2230470000,69726300000
1526832000.0,717.19,719.28,692.49,699.22,2005170000,71405800000
1526745600.0,697.92,723.75,692.67,715.37,2156910000,69472800000
1526659200.0,695.07,715.58,686.79,696.53,2021550000,69174600000
1526572800.0,672.1,695.03,663.81,694.37,2305740000,66874700000
1526486400.0,708.72,718.83,668.83,672.66,2350620000,70503400000
1526400000.0,708.09,710.2,682.54,707.05,2476130000,70426200000
1526313600.0,731.14,739.05,701.0,708.87,2523070000,72704300000
1526227200.0,732.73,742.17,695.79,730.55,3005110000,72847500000
1526140800.0,687.18,741.31,675.32,733.5,2362500000,68304000000
1526054400.0,679.88,691.41,644.07,686.05,2668480000,67564600000
1525968000.0,727.01,736.98,669.83,679.59,3290080000,72233800000
1525881600.0,752.58,766.75,726.66,727.28,2748950000,74758700000
1525795200.0,752.9,759.53,718.47,752.28,2877870000,74775300000
1525708800.0,755.01,774.25,728.13,752.86,2920490000,74969200000
1525622400.0,793.34,795.76,710.18,753.73,4316120000,78758700000
1525536000.0,816.09,835.06,764.88,792.31,3105570000,81000200000
1525449600.0,784.58,827.46,784.24,816.12,3035040000,77857000000
1525363200.0,776.78,803.75,762.63,785.62,3533410000,77066200000
1525276800.0,686.59,784.34,686.59,779.54,4210940000,68104600000
1525190400.0,674.08,688.84,667.42,687.15,2822270000,66849100000
1525104000.0,670.46,674.4,637.54,673.61,2678960000,66477200000
1525017600.0,689.76,694.44,666.12,669.92,2853100000,68376400000
1524931200.0,683.91,697.76,670.51,688.88,2740560000,67782400000
1524844800.0,644.65,691.44,644.65,683.68,2496660000,63877700000
1524758400.0,662.11,684.87,647.03,647.03,2598130000,65594600000
1524672000.0,618.08,663.18,604.01,662.81,2984010000,61219700000
1524585600.0,707.06,707.06,600.21,615.42,4216140000,70018900000
1524499200.0,643.4,708.88,643.4,708.16,3581860000,63701200000
1524412800.0,621.2,646.7,621.04,642.55,2386830000,61490600000
1524326400.0,606.12,640.77,593.87,621.86,2426270000,59985500000
1524240000.0,616.0,621.89,578.55,605.4,2612460000,60951100000
1524153600.0,567.99,618.72,560.28,615.72,2849470000,56188700000
1524067200.0,524.04,567.89,523.26,567.89,2256870000,51829900000
1523980800.0,503.31,525.09,503.05,524.79,1762940000,49769600000
1523894400.0,511.15,518.03,502.56,502.89,1760360000,50534000000
1523808000.0,532.07,534.2,500.25,511.15,1758980000,52592200000
1523721600.0,502.88,531.7,502.88,531.7,1726090000,49696300000
1523635200.0,492.58,512.02,488.28,501.48,1519080000,48668400000
1523548800.0,493.16,526.47,482.66,492.74,2419250000,48715400000
1523462400.0,430.16,493.06,417.41,492.94,2519360000,42483600000
1523376000.0,415.02,430.54,412.47,430.54,1439040000,40980200000
1523289600.0,399.41,415.89,393.88,414.24,1196000000,39430400000
1523203200.0,400.86,429.25,390.61,398.53,1478390000,39565100000
1523116800.0,385.74,402.59,385.6,400.51,948488000,38065400000
1523030400.0,370.38,393.06,369.94,385.31,951475000,36541900000
1522944000.0,382.73,385.2,366.91,370.29,967106000,37752600000
1522857600.0,379.95,387.72,369.82,383.23,1210680000,37470200000
1522771200.0,416.49,417.47,375.31,380.54,1287730000,41065100000
1522684800.0,387.31,418.97,383.53,416.89,1363400000,38180800000
1522598400.0,379.7,395.17,377.59,386.43,1102260000,37422500000
1522512000.0,397.25,400.53,363.81,379.61,1256930000,39144700000
1522425600.0,395.0,418.47,392.95,396.46,1323920000,38914900000
1522339200.0,385.91,409.93,368.63,394.65,1878130000,38010600000
1522252800.0,448.08,450.81,385.81,385.97,1970230000,44125000000
1522166400.0,450.29,466.21,444.86,446.28,1514180000,44334000000
1522080000.0,489.59,491.46,449.97,450.12,1617940000,48193300000
1521993600.0,524.29,526.38,470.44,489.95,1638880000,51598000000
1521907200.0,522.7,535.82,515.66,524.29,1151170000,51431600000
1521820800.0,542.57,545.38,526.08,526.44,1300010000,53375400000
1521734400.0,539.86,540.49,512.13,539.62,1596350000,53098100000
1521648000.0,562.1,577.57,523.09,539.7,1523460000,55273800000
1521561600.0,559.1,589.61,550.57,561.73,1781270000,54967300000
1521475200.0,556.72,567.09,521.2,557.18,1833680000,54722100000
1521388800.0,546.63,558.1,519.12,556.73,2046790000,53718600000
1521302400.0,551.64,551.64,460.09,538.64,2685500000,54200100000
1521216000.0,601.68,609.15,549.1,552.78,1267810000,59104200000
1521129600.0,611.78,623.17,587.86,601.67,1417350000,60083700000
1521043200.0,614.84,620.62,579.51,611.3,1770460000,60371800000
1520956800.0,691.22,702.78,594.1,614.29,1810560000,67857600000
1520870400.0,698.15,713.74,682.35,690.83,1425960000,68524000000
1520784000.0,724.41,742.51,683.27,699.83,1765000000,71086000000
1520697600.0,685.31,735.83,668.12,723.34,1562680000,67235700000
1520611200.0,730.16,748.03,682.7,686.89,1532960000,71620700000
1520524800.0,702.2,729.16,648.11,728.92,2233020000,68863600000
1520438400.0,752.57,773.77,696.17,704.6,1891640000,73788400000
1520352000.0,816.27,825.61,726.55,752.83,2175420000,80017300000
1520265600.0,853.82,853.82,809.93,816.95,1943070000,83680400000
1520179200.0,866.85,869.92,853.52,853.68,1898490000,84939700000
1520092800.0,856.19,867.95,840.28,866.68,1697940000,83877800000
1520006400.0,856.71,868.45,855.21,857.23,1699370000,83911700000
1519920000.0,871.76,876.38,852.42,856.85,1894420000,85368100000
1519833600.0,856.01,880.3,851.92,872.2,1868520000,83808200000
1519747200.0,877.93,890.11,855.12,855.2,1963980000,85936400000
1519660800.0,870.37,896.26,867.1,878.27,2053980000,85177800000
1519574400.0,845.28,880.39,842.32,869.32,2044480000,82705400000
1519488000.0,839.46,853.15,822.38,844.81,1646960000,82119100000
1519401600.0,861.59,879.53,818.55,840.52,1926580000,84266700000
1519315200.0,811.59,886.32,794.79,864.19,2334820000,79358900000
1519228800.0,849.26,875.93,802.67,812.85,2150370000,83025800000
1519142400.0,894.14,912.38,830.56,849.97,2531730000,87394200000
1519056000.0,943.57,965.27,892.95,895.37,2545260000,92206500000
1518969600.0,921.67,957.78,921.55,943.87,2169020000,90047700000
1518883200.0,973.35,982.93,915.45,923.92,2567290000,95077100000
1518796800.0,944.75,976.6,940.75,974.12,2525720000,92264000000
1518710400.0,934.79,950.01,917.85,944.21,2369450000,91272100000
1518624000.0,923.73,951.95,911.11,936.98,2900100000,90173300000
1518537600.0,844.28,926.43,844.28,923.56,2818370000,82400600000
1518451200.0,869.29,870.71,828.84,845.26,2081170000,84824200000
1518364800.0,817.51,875.94,817.51,868.71,2243450000,79754400000
1518278400.0,859.29,859.29,788.22,814.66,2486650000,83813000000
1518192000.0,882.47,917.4,825.58,860.42,2930530000,86055600000
1518105600.0,818.48,884.0,788.83,883.87,2495820000,79799300000
1518019200.0,755.84,845.09,755.84,817.81,3708190000,73676900000
1517932800.0,790.43,851.2,723.43,757.07,3896180000,77032000000
1517846400.0,707.74,796.44,574.42,793.12,6518270000,68958700000
1517760000.0,834.96,856.65,644.6,697.95,4269530000,81337400000
1517673600.0,964.67,969.03,805.06,834.68,2997090000,93953400000
1517587200.0,919.21,991.94,847.69,964.02,3243480000,89507600000
1517500800.0,1035.77,1035.77,757.98,915.79,6713290000,100836000000
1517414400.0,1119.37,1161.35,984.82,1036.79,5261680000,108952000000
1517328000.0,1071.09,1128.66,1034.5,1118.31,3757560000,104231000000
1517241600.0,1184.13,1184.63,1058.97,1071.13,4107860000,115207000000
1517155200.0,1246.7,1256.7,1169.08,1182.36,3715080000,121269000000
1517068800.0,1111.78,1257.77,1111.78,1246.01,5372330000,108122000000
1516982400.0,1055.75,1121.98,1042.12,1107.07,3002870000,102651000000
1516896000.0,1052.7,1080.6,996.78,1055.17,3617690000,102334000000
1516809600.0,1063.22,1104.66,1034.74,1056.03,4050190000,103335000000
1516723200.0,987.48,1062.44,965.81,1058.78,3944040000,95952700000
1516636800.0,1004.17,1023.23,920.54,986.23,3556700000,97554300000
1516550400.0,1055.35,1089.1,930.74,1003.26,3810100000,102504000000
1516464000.0,1155.68,1155.68,1021.5,1049.58,3378090000,112226000000
1516377600.0,1044.95,1167.11,1044.95,1155.15,3975190000,101451000000
1516291200.0,1028.82,1093.22,1003.71,1039.1,4084450000,99863900000
1516204800.0,1016.44,1100.31,967.76,1036.28,5938320000,98642100000
1516118400.0,1061.34,1090.23,780.92,1014.25,8545160000,102974000000
1516032000.0,1292.63,1292.63,875.55,1053.69,8405140000,125389000000
1515945600.0,1365.21,1390.59,1290.6,1291.92,4781100000,132404000000
1515859200.0,1397.48,1400.56,1286.21,1366.77,4841630000,135503000000
1515772800.0,1270.47,1432.88,1270.47,1396.42,5746760000,123163000000
1515686400.0,1158.29,1296.04,1120.09,1273.2,5222300000,112263000000
1515600000.0,1268.09,1337.3,1135.17,1154.93,7235900000,122879000000
1515513600.0,1300.34,1417.38,1226.6,1255.82,9214950000,125976000000
1515427200.0,1146.0,1320.98,1145.49,1299.74,7965460000,110999000000
1515340800.0,1158.26,1266.93,1016.05,1148.53,8450970000,112164000000
1515254400.0,1043.01,1153.17,1043.01,1153.17,5569880000,100981000000
1515168000.0,995.15,1060.71,994.62,1041.68,4662220000,96326500000
1515081600.0,975.75,1075.39,956.33,997.72,6683150000,94423900000
1514995200.0,961.71,1045.08,946.09,980.92,6502860000,93049400000
1514908800.0,886.0,974.47,868.45,962.72,5093160000,85703500000
1514822400.0,772.35,914.83,772.35,884.44,5783350000,74695700000
1514736000.0,755.76,782.53,742.0,772.64,2595760000,73075800000
1514649600.0,712.21,760.35,710.12,756.73,2554270000,68850800000
1514563200.0,753.82,753.82,685.23,717.26,3187780000,72856900000
1514476800.0,740.39,770.12,729.61,753.59,2648970000,71544300000
1514390400.0,762.21,763.32,701.19,737.02,2389150000,73637100000
1514304000.0,774.97,789.25,738.41,762.84,2100030000,74854100000
1514217600.0,763.37,786.79,760.94,773.84,2201160000,73717800000
1514131200.0,698.87,782.52,698.87,765.83,2491760000,67475100000
1514044800.0,721.77,721.77,614.92,694.15,2300550000,69671200000
1513958400.0,681.32,763.9,679.73,719.39,2480340000,65752100000
1513872000.0,822.64,827.68,543.76,674.86,4977710000,79374400000
1513785600.0,820.24,880.54,792.69,821.06,3569060000,79125300000
1513699200.0,827.52,845.06,756.0,819.09,3969940000,79810600000
1513612800.0,793.9,881.94,785.34,826.82,4096550000,76552200000
1513526400.0,721.73,803.93,689.23,794.65,3249230000,69578400000
1513440000.0,696.24,735.83,696.24,719.98,2147390000,67106400000
1513353600.0,686.19,718.39,680.79,696.21,2165690000,66124200000
1513267200.0,696.38,697.13,621.06,684.45,2758710000,67090900000
1513180800.0,700.59,753.12,664.99,695.82,3821580000,67482900000
1513094400.0,644.91,747.99,597.8,702.77,4524540000,62105600000
1513008000.0,522.29,657.32,504.49,651.43,5179830000,50286400000
1512921600.0,440.36,516.97,439.1,515.14,1771440000,42389300000
1512835200.0,472.79,472.79,429.51,441.72,1404180000,45501400000
1512748800.0,457.34,504.15,456.25,473.5,2003850000,44005600000
1512662400.0,434.99,466.06,422.37,456.03,2336380000,41845800000
1512576000.0,426.37,441.4,414.41,434.41,2129570000,41007600000
1512489600.0,462.6,462.71,420.21,428.59,1998260000,44483100000
1512403200.0,470.29,473.56,457.66,463.28,1216720000,45212800000
1512316800.0,466.05,474.78,453.31,470.2,1005550000,44795700000
1512230400.0,463.71,482.81,451.85,465.85,990557000,44560500000
1512144000.0,466.85,476.24,456.65,463.45,943650000,44853300000
1512057600.0,445.21,472.61,428.31,466.54,1247880000,42765000000
1511971200.0,431.22,465.5,401.24,447.11,1903040000,41411900000
1511884800.0,473.28,522.31,425.07,427.52,2675940000,45442100000
1511798400.0,480.52,482.48,466.35,472.9,1346500000,46127200000
1511712000.0,471.53,493.41,468.49,480.36,1396480000,45255000000
1511625600.0,465.97,472.72,451.61,471.33,1197780000,44712100000
1511539200.0,475.68,485.19,461.05,466.28,1422080000,45633400000
1511452800.0,412.5,480.97,402.76,474.91,2292830000,39564300000
1511366400.0,381.44,425.55,376.09,410.17,1845680000,36577300000
1511280000.0,360.31,381.42,360.15,380.65,800819000,34544000000
1511193600.0,367.44,372.47,350.69,360.4,949912000,35220200000
1511107200.0,354.09,372.14,353.29,366.73,807027000,33933400000
1511020800.0,347.4,371.29,344.74,354.39,1181530000,33284900000
1510934400.0,331.98,349.62,327.69,347.61,649639000,31800700000
1510848000.0,330.17,334.96,327.52,332.39,621733000,31620300000
1510761600.0,333.44,336.16,323.61,330.92,797254000,31927300000
1510675200.0,337.96,340.91,329.81,333.36,722666000,32353200000
1510588800.0,316.76,340.18,316.76,337.63,1069680000,30317300000
1510502400.0,307.03,328.42,307.03,316.72,1041890000,29379000000
1510416000.0,314.69,319.15,298.51,307.91,1613480000,30106200000
1510329600.0,298.59,319.45,298.19,314.68,842301000,28559400000
1510243200.0,320.67,324.72,294.54,299.25,885986000,30665200000
1510156800.0,308.65,329.45,307.06,320.88,893250000,29509000000
1510070400.0,294.27,318.7,293.1,309.07,967956000,28128700000
1509984000.0,298.57,304.84,290.77,294.66,540766000,28533300000
1509897600.0,296.43,305.42,293.72,298.89,579359000,28322700000
1509811200.0,300.04,301.37,295.12,296.26,337658000,28661500000
1509724800.0,305.48,305.48,295.8,300.47,416479000,29175300000
1509638400.0,288.5,308.31,287.69,305.71,646340000,27547400000
1509552000.0,290.73,293.91,281.17,287.43,904901000,27754200000
1509465600.0,305.76,306.4,290.58,291.69,553864000,29183600000
1509379200.0,307.38,310.55,305.88,305.88,369583000,29331500000
1509292800.0,304.78,310.5,304.35,307.75,331442000,29077600000
1509206400.0,296.38,313.76,296.38,305.09,551752000,28270200000
1509120000.0,297.92,300.36,293.59,296.3,264424000,28410400000
1509033600.0,296.51,299.26,294.06,297.42,257169000,28270100000
1508947200.0,298.02,301.07,295.22,296.53,270273000,28408400000
1508860800.0,298.44,301.85,290.72,297.93,325040000,28442000000
1508774400.0,287.12,311.96,282.66,298.33,684281000,27357500000
1508688000.0,295.1,295.75,277.58,286.95,482336000,28111400000
1508601600.0,300.55,305.5,292.81,295.45,327387000,28624800000
1508515200.0,303.57,303.93,291.77,300.19,408014000,28906600000
1508428800.0,308.05,311.44,303.49,304.01,396673000,29326300000
1508342400.0,314.54,316.71,305.83,308.09,349830000,29937900000
1508256000.0,316.94,317.24,290.64,314.32,606114000,30160500000
1508169600.0,333.48,333.48,311.79,317.08,509924000,31727700000
1508083200.0,336.71,349.35,332.04,333.38,692885000,32029200000
1507996800.0,339.53,342.72,320.43,336.6,635407000,32292100000
1507910400.0,338.85,347.98,334.7,339.63,516562000,32222400000
1507824000.0,304.08,348.6,299.66,338.76,1304360000,28911100000
1507737600.0,303.5,309.15,303.29,304.14,527557000,28851200000
1507651200.0,301.18,304.39,299.1,303.46,264146000,28626300000
1507564800.0,297.6,306.15,293.17,299.87,359706000,28281400000
1507478400.0,308.67,309.31,288.19,297.39,559467000,29328300000
1507392000.0,311.06,312.54,308.03,308.61,293167000,29550900000
1507305600.0,308.89,313.13,304.98,311.12,342205000,29340400000
1507219200.0,295.16,308.84,294.95,308.59,318664000,28031100000
1507132800.0,292.77,298.04,288.84,295.86,253747000,27800400000
1507046400.0,292.75,299.39,290.9,292.66,257906000,27794100000
1506960000.0,297.48,300.11,288.13,292.46,321680000,28238500000
1506873600.0,302.48,302.92,294.58,297.48,339443000,28708500000
1506787200.0,301.55,303.19,295.06,302.34,306185000,28615200000
1506700800.0,291.48,303.96,291.11,301.47,332439000,27655200000
1506614400.0,299.12,299.92,279.77,291.47,541375000,28375900000
1506528000.0,306.47,307.2,295.47,299.16,501894000,29068700000
1506441600.0,287.02,308.02,286.82,306.47,550244000,27219400000
1506355200.0,292.35,293.75,287.02,287.44,345801000,27720000000
1506268800.0,282.22,293.52,281.88,292.33,483161000,26755500000
1506182400.0,286.21,292.95,278.13,282.48,571411000,27129900000
1506096000.0,264.6,286.17,261.12,286.17,450934000,25077100000
1506009600.0,258.11,270.54,256.22,264.31,430081000,24458400000
1505923200.0,283.26,286.61,255.02,258.58,601266000,26836000000
1505836800.0,282.02,290.89,278.05,283.74,421404000,26712400000
1505750400.0,293.66,295.77,274.48,282.8,646909000,27809300000
1505664000.0,252.23,293.5,252.23,293.5,1127750000,23881200000
1505577600.0,245.85,257.0,235.24,251.75,427452000,23272500000
1505491200.0,250.87,262.59,238.22,246.52,711737000,23742600000
1505404800.0,215.22,258.66,195.04,250.46,1935700000,20364900000
1505318400.0,276.59,280.84,213.91,213.91,1184590000,26166100000
1505232000.0,291.12,291.12,260.61,277.11,921692000,27535700000
1505145600.0,294.63,311.2,287.23,291.46,753144000,27861800000
1505059200.0,289.75,300.69,286.69,294.53,571307000,27394400000
1504972800.0,294.06,294.76,268.97,288.75,698326000,27797200000
1504886400.0,296.17,299.89,287.22,294.41,528621000,27990500000
1504800000.0,329.64,329.64,285.16,296.5,1098780000,31147200000
1504713600.0,333.52,333.52,319.94,329.43,718624000,31507500000
1504627200.0,313.8,334.66,313.49,334.34,1058830000,29639100000
1504540800.0,297.57,318.57,268.29,312.99,1551050000,28100000000
1504454400.0,347.13,347.13,279.94,295.17,1801690000,32774000000
1504368000.0,350.23,366.49,332.23,347.48,986266000,33059800000
1504281600.0,387.82,389.35,328.1,348.98,1483600000,36601200000
1504195200.0,383.47,390.04,383.47,387.74,874222000,36182900000
1504108800.0,378.44,386.14,376.35,383.04,706254000,35701500000
1504022400.0,369.47,388.75,361.97,378.49,1333320000,34848400000
1503936000.0,347.97,373.76,347.79,370.67,1220030000,32813200000
1503849600.0,350.04,352.05,338.41,347.75,854319000,33002700000
1503763200.0,334.36,347.89,334.36,347.89,633370000,31517500000
1503676800.0,331.99,334.99,327.92,333.88,514181000,31288300000
1503590400.0,326.11,336.4,325.8,331.92,760329000,30727900000
1503504000.0,317.45,327.96,317.08,325.61,697665000,29904600000
1503417600.0,315.27,324.21,314.54,317.52,811990000,29691900000
1503331200.0,321.06,327.36,297.91,314.79,1336400000,30229900000
1503244800.0,300.48,347.05,297.23,321.59,2448970000,28285500000
1503158400.0,296.64,301.43,291.58,301.43,571947000,27918100000
1503072000.0,296.18,301.67,286.18,297.47,860202000,27867900000
1502985600.0,301.7,307.96,292.5,295.59,936160000,28380200000
1502899200.0,302.81,311.03,300.25,301.46,909494000,28477500000
1502812800.0,289.82,303.41,285.39,302.27,967643000,27249700000
1502726400.0,299.95,300.41,279.33,289.82,1051800000,28195800000
1502640000.0,298.03,306.81,296.41,300.1,864391000,28008700000
1502553600.0,310.37,310.82,289.31,298.06,1369370000,29161100000
1502467200.0,308.71,317.56,307.9,310.6,1111650000,28998700000
1502380800.0,294.5,309.21,294.5,308.86,953576000,27657000000
1502294400.0,296.96,306.59,289.93,295.89,1076820000,27882200000
1502208000.0,297.63,318.72,276.69,296.03,2638580000,27938700000
1502121600.0,269.1,298.91,266.8,296.77,1502410000,25254600000
1502035200.0,261.24,271.96,256.69,269.18,935727000,24511000000
1501948800.0,256.42,271.05,252.85,261.57,1482980000,24053500000
1501862400.0,222.85,256.51,221.95,256.51,1333000000,20900000000
1501776000.0,225.31,227.62,222.06,223.07,539783000,21125600000
1501689600.0,220.18,228.29,219.89,225.34,557217000,20640100000
1501603200.0,227.01,229.51,218.12,219.95,632606000,21275200000
1501516800.0,204.69,227.74,204.69,226.77,1585330000,19179100000
1501430400.0,197.41,203.87,193.41,203.87,569414000,18492000000
1501344000.0,206.74,208.54,196.15,197.98,596234000,19360900000
1501257600.0,193.34,208.68,179.65,205.79,824355000,18101800000
1501171200.0,204.33,204.9,192.3,193.12,562571000,19125100000
1501084800.0,204.86,206.44,201.26,204.32,393283000,19169800000
1500998400.0,207.09,210.77,194.78,203.95,717692000,19373400000
1500912000.0,224.37,225.32,195.85,206.71,1095760000,20985200000
1500825600.0,226.29,227.54,222.45,224.71,431691000,21158500000
1500739200.0,229.12,231.68,217.72,225.95,649615000,21418300000
1500652800.0,217.86,232.7,216.87,229.48,618260000,20360100000
1500566400.0,226.06,235.12,213.01,218.31,1006130000,21121100000
1500480000.0,205.42,233.9,203.22,227.27,2225000000,19187800000
1500393600.0,234.94,245.65,191.75,199.7,2328790000,21939300000
1500307200.0,195.03,267.99,182.06,234.39,2709260000,18207400000
1500220800.0,159.99,194.75,158.04,193.42,1669500000,14932700000
1500134400.0,169.57,172.01,133.72,157.36,1516890000,15823100000
1500048000.0,199.71,200.16,170.66,170.66,810452000,18630200000
1499961600.0,209.53,211.1,187.37,199.66,749382000,19541300000
1499875200.0,231.81,231.81,200.07,209.73,828489000,21613900000
1499788800.0,197.15,230.77,189.59,230.77,1241190000,18377600000
1499702400.0,211.53,220.29,183.39,197.4,1440950000,19712300000
1499616000.0,243.01,243.07,196.97,215.36,937219000,22640500000
1499529600.0,251.82,255.11,242.14,242.14,505118000,23454700000
1499443200.0,245.89,273.48,236.55,251.7,754958000,22890700000
1499356800.0,270.35,273.94,244.17,245.99,687252000,25160800000
1499270400.0,268.86,278.48,265.51,270.55,623080000,25019500000
1499184000.0,273.1,275.13,261.45,268.77,790256000,25406900000
1499097600.0,282.19,287.39,273.11,273.3,687691000,26245000000
1499011200.0,288.41,291.1,281.18,282.9,851408000,26815900000
1498924800.0,275.12,295.51,262.52,287.99,1123330000,25572800000
1498838400.0,293.35,293.75,268.62,274.6,1089200000,27259400000
1498752000.0,303.15,315.17,288.44,294.92,1011800000,28161900000
1498665600.0,328.37,330.71,297.37,302.88,1508580000,30495300000
1498579200.0,293.04,333.1,276.41,327.93,2056550000,27207000000
1498492800.0,272.69,293.09,227.14,293.09,1973870000,25309700000
1498406400.0,302.96,311.46,238.65,272.69,2081810000,28111200000
1498320000.0,323.47,332.79,284.65,303.25,1186880000,30005900000
1498233600.0,341.63,343.62,322.09,323.7,673585000,31681300000
1498147200.0,336.49,348.01,334.99,341.74,593207000,31195900000
1498060800.0,337.73,342.03,330.62,336.37,925767000,31302600000
1497974400.0,359.54,361.34,319.48,336.87,1420130000,33310500000
1497888000.0,370.33,377.97,350.94,359.01,1020390000,34304000000
1497801600.0,371.86,377.12,369.76,370.06,685172000,34435700000
1497715200.0,379.52,390.58,368.84,371.46,904703000,35133800000
1497628800.0,369.88,379.41,364.0,379.41,904653000,34231300000
1497542400.0,361.18,373.06,341.42,370.23,1096280000,33415800000
1497456000.0,358.51,364.44,300.7,361.93,2463450000,33158200000
1497369600.0,397.59,399.32,342.22,359.05,1272580000,36761600000
1497283200.0,395.69,411.18,370.06,397.54,1717380000,36574500000
1497196800.0,341.16,414.76,341.16,401.49,2882650000,31525300000
1497110400.0,338.79,353.01,318.17,340.61,1373220000,31296800000
1497024000.0,282.01,350.26,282.01,337.67,1611630000,26043700000
1496937600.0,261.75,282.76,261.75,281.74,557986000,24165000000
1496851200.0,257.99,262.25,253.98,261.67,385494000,23810900000
1496764800.0,264.26,264.67,254.04,258.07,461649000,24382200000
1496678400.0,248.6,267.51,246.84,264.47,741553000,22930400000
1496592000.0,245.26,249.47,243.05,248.46,435660000,22615800000
1496505600.0,224.12,250.41,223.98,245.33,753820000,20659800000
1496419200.0,223.46,225.97,219.42,224.38,427896000,20593500000
1496332800.0,222.29,229.41,219.58,223.78,469532000,20479000000
1496246400.0,230.89,236.22,214.48,222.24,812924000,21264800000
1496160000.0,231.58,236.97,215.57,230.67,1271600000,21321900000
1496073600.0,195.61,233.71,189.29,231.91,1586670000,18004700000
1495987200.0,170.14,197.13,164.53,194.91,718828000,15654600000
1495900800.0,158.82,179.94,157.6,170.51,717971000,14608600000
1495814400.0,159.82,166.95,120.44,157.76,1217060000,14696000000
1495728000.0,175.22,193.69,150.28,160.4,792458000,16107000000
1495641600.0,189.85,210.98,170.51,174.45,943637000,17446600000
1495555200.0,182.65,228.37,182.45,190.05,561014000,16779700000
1495468800.0,170.82,183.55,169.93,181.95,530709000,15688000000
1495382400.0,158.17,201.75,152.47,174.26,1188910000,14522100000
1495296000.0,127.54,159.03,125.89,157.94,570361000,11705700000
1495209600.0,129.22,133.64,124.7,126.52,331455000,11856600000
1495123200.0,97.05,133.56,97.05,129.53,626945000,8902240000
1495036800.0,89.84,97.37,89.84,96.91,196237000,8238110000
1494950400.0,89.25,91.27,84.43,89.86,183031000,8181520000
1494864000.0,92.39,93.56,89.12,89.44,152285000,8466470000
1494777600.0,90.78,95.43,86.83,92.41,170999000,8316930000
1494691200.0,90.87,91.25,89.61,90.79,66046600,8322380000
1494604800.0,88.69,93.81,86.66,90.84,88742200,8120390000
1494518400.0,89.43,93.12,88.66,88.66,145825000,8184930000
1494432000.0,89.77,102.55,88.48,89.88,132722000,8213570000
1494345600.0,91.15,92.85,85.29,89.52,145602000,8337180000
1494259200.0,91.23,93.06,80.39,91.16,363434000,8341490000
1494172800.0,93.75,95.14,89.51,91.42,231344000,8569060000
1494086400.0,97.87,98.24,89.87,94.01,183295000,8942950000
1494000000.0,94.91,97.88,90.95,97.81,151462000,8669910000
1493913600.0,96.73,103.23,92.22,94.4,331928000,8833520000
1493827200.0,79.72,97.56,79.43,96.98,366847000,7277480000
1493740800.0,77.25,80.1,75.76,79.72,141922000,7050050000
1493654400.0,76.65,79.35,74.38,77.26,193773000,6992980000
1493568000.0,79.32,82.52,73.09,76.3,376842000,7234070000
1493481600.0,68.54,79.02,68.35,79.02,229945000,6248840000
1493395200.0,71.39,71.9,66.78,68.38,165448000,6506490000
1493308800.0,62.23,70.85,62.13,70.16,346546000,5669550000
1493222400.0,52.81,62.17,52.29,62.17,246775000,4809630000
1493136000.0,49.91,53.44,49.91,52.72,104884000,4544370000
1493049600.0,50.07,50.3,49.81,49.89,38264600,4557870000
1492963200.0,48.87,50.18,48.87,50.03,55580600,4446470000
1492876800.0,48.59,48.89,48.17,48.49,36234000,4420040000
1492790400.0,48.18,48.74,48.17,48.55,37357600,4381290000
1492704000.0,49.64,49.66,48.14,48.22,45048300,4512610000
1492617600.0,48.13,49.99,48.13,49.67,79600900,4373800000
1492531200.0,50.73,50.95,47.26,48.31,76281000,4608260000
1492444800.0,48.32,51.03,48.3,50.71,78748500,4387860000
1492358400.0,48.66,48.75,48.05,48.3,44013300,4417310000
1492272000.0,49.04,49.14,48.19,48.72,31343800,4450140000
1492185600.0,47.65,49.57,47.18,49.1,66207800,4323100000
1492099200.0,49.97,50.05,46.76,47.57,91674400,4531810000
1492012800.0,46.31,50.91,46.31,50.22,157200000,4198420000
1491926400.0,43.46,47.23,43.11,46.29,88045700,3938930000
1491840000.0,43.5,44.25,43.3,43.41,38303300,3941100000
1491753600.0,43.28,44.14,42.42,43.44,44061500,3919520000
1491667200.0,44.28,44.49,42.89,43.27,55143000,4009010000
1491580800.0,41.8,45.21,41.73,44.31,74138800,3783000000
1491494400.0,42.87,44.04,41.65,42.16,81474700,3878210000
1491408000.0,45.22,45.64,40.9,43.24,147120000,4089930000
1491321600.0,44.66,47.84,44.54,45.3,119733000,4037940000
1491235200.0,43.92,45.74,41.72,44.64,157568000,3969730000
1491148800.0,48.82,48.82,43.41,44.36,190513000,4411030000
1491062400.0,50.74,51.27,45.43,48.75,134604000,4582700000
1490976000.0,50.03,51.93,48.88,50.7,92461900,4517510000
1490889600.0,51.75,51.77,47.38,50.04,151416000,4671190000
1490803200.0,53.12,53.31,51.87,52.21,86885700,4793280000
1490716800.0,50.57,53.87,50.55,53.13,144998000,4561150000
1490630400.0,49.71,50.96,49.15,50.77,97745300,4482160000
1490544000.0,51.31,52.46,48.93,49.67,118978000,4624990000
1490457600.0,50.77,51.8,49.28,50.52,106859000,4574540000
1490371200.0,53.58,53.58,48.31,51.25,223059000,4825700000
1490284800.0,43.64,54.14,43.21,53.11,297046000,3929230000
1490198400.0,42.57,44.75,41.3,43.68,100724000,3831310000
1490112000.0,43.12,43.52,39.69,42.34,113952000,3880120000
1490025600.0,43.51,44.26,42.37,43.15,91265400,3913620000
1489939200.0,44.83,46.23,42.44,43.39,154701000,4031270000
1489852800.0,35.53,47.0,35.34,44.74,239430000,3193600000
1489766400.0,46.87,46.87,31.7,34.16,262180000,4211830000
1489680000.0,45.93,55.11,38.21,46.83,497534000,4125480000
1489593600.0,35.36,47.17,35.36,46.35,454418000,3174750000
1489507200.0,28.65,35.06,28.43,35.06,170344000,2571160000
1489420800.0,28.57,29.93,27.32,28.65,101797000,2563700000
1489334400.0,23.5,30.6,23.5,28.59,255488000,2108300000
1489248000.0,21.46,23.44,21.38,23.44,74628900,1924660000
1489161600.0,19.37,21.59,19.01,21.47,69150100,1736630000
1489075200.0,17.74,19.66,17.68,19.33,87506800,1589640000
1488988800.0,16.64,17.87,16.37,17.75,31418400,1490500000
1488902400.0,18.88,18.88,16.65,16.65,44304600,1690760000
1488816000.0,19.58,19.63,18.64,18.89,37972200,1752530000
1488729600.0,19.28,20.1,19.11,19.61,32432700,1725360000
1488643200.0,18.5,19.42,18.23,19.3,26816300,1655030000
1488556800.0,19.52,20.06,18.62,18.62,27341900,1745140000
1488470400.0,19.04,20.67,18.41,19.46,95863400,1702140000
1488384000.0,17.36,19.35,16.95,19.03,83627100,1550750000
1488297600.0,15.85,17.37,15.56,17.35,44927500,1415510000
1488211200.0,15.45,16.06,15.12,15.82,65478900,1379600000
1488124800.0,14.51,15.68,14.27,15.4,31667000,1294770000
1488038400.0,13.52,14.54,13.4,14.52,20307500,1206150000
1487952000.0,13.06,13.72,12.98,13.55,18533900,1165230000
1487865600.0,13.13,13.23,12.88,13.07,19574400,1171110000
1487779200.0,12.6,13.21,12.56,13.12,14522300,1122910000
1487692800.0,12.69,12.76,12.55,12.6,10360900,1130460000
1487606400.0,12.34,12.77,12.21,12.67,15183300,1099330000
1487520000.0,12.77,12.9,12.43,12.43,12994400,1136610000
1487433600.0,12.82,12.87,12.71,12.76,7799740,1140870000
1487347200.0,12.71,12.83,12.68,12.81,9370010,1130750000
1487260800.0,12.9,12.91,12.66,12.68,11636500,1147260000
1487174400.0,12.92,12.92,12.54,12.9,38002600,1148860000
1487088000.0,13.04,13.04,12.64,12.92,18464700,1159000000
1487001600.0,11.29,13.33,11.29,13.03,42911500,1002810000
1486915200.0,11.38,11.39,11.17,11.27,7216520,1011080000
1486828800.0,11.35,11.4,11.3,11.4,6264900,1008030000
1486742400.0,11.29,11.43,11.24,11.35,7544520,1002130000
1486656000.0,11.05,11.34,10.78,11.28,11914200,979961000
1486569600.0,11.44,11.6,10.67,11.03,18400300,1014280000
1486483200.0,11.54,11.63,11.24,11.43,9688630,1023170000
1486396800.0,11.43,11.61,11.42,11.52,7629640,1012620000
1486310400.0,11.35,11.48,11.34,11.39,5695440,1005930000
1486224000.0,11.44,11.49,11.32,11.35,5942960,1013400000
1486137600.0,11.13,11.5,11.13,11.43,14139500,985277000
1486051200.0,10.81,11.11,10.76,11.11,12897800,956944000
1485964800.0,10.74,10.89,10.55,10.82,10172500,949793000
1485878400.0,10.74,10.85,10.56,10.73,12852200,949969000
1485792000.0,10.56,10.75,10.55,10.73,11648700,933975000
1485705600.0,10.49,10.71,10.47,10.57,8042180,927415000
1485619200.0,10.56,10.57,10.45,10.48,4689950,933087000
1485532800.0,10.54,10.58,10.43,10.57,6580700,930688000
1485446400.0,10.58,10.61,10.44,10.54,7189170,934404000
1485360000.0,10.57,10.67,10.51,10.59,8465020,932575000
1485273600.0,10.62,10.62,10.48,10.57,6751450,936769000
1485187200.0,10.73,10.77,10.57,10.63,8327330,946083000
1485100800.0,10.71,10.84,10.67,10.82,7267210,944159000
1485014400.0,10.91,10.97,10.58,10.7,8678620,961463000
1484928000.0,10.6,10.98,10.58,10.91,11937600,933405000
1484841600.0,10.39,10.76,10.35,10.6,10992800,914696000
1484755200.0,10.24,10.44,10.18,10.4,8347550,901484000
1484668800.0,10.3,10.52,9.94,10.23,10788200,906079000
1484582400.0,9.64,10.61,9.54,10.3,18391900,847981000
1484496000.0,9.88,9.93,9.58,9.64,14937400,869126000
1484409600.0,9.83,10.0,9.6,9.9,14837900,864037000
1484323200.0,9.79,9.89,9.44,9.65,20085800,859971000
1484236800.0,9.83,9.85,9.51,9.77,25066600,863241000
1484150400.0,9.72,10.08,9.18,9.86,30453800,853638000
1484064000.0,10.54,10.66,9.46,9.72,26823500,925320000
1483977600.0,10.37,10.69,10.29,10.55,10879700,909897000
1483891200.0,10.31,10.78,10.14,10.33,25718300,904682000
1483804800.0,9.87,10.39,9.83,10.29,16676600,865667000
1483718400.0,10.24,10.28,9.59,9.87,23153600,897636000
1483632000.0,10.29,10.63,9.63,10.25,29471800,901249000
1483545600.0,11.29,11.89,9.4,10.25,41557400,988599000
1483459200.0,9.71,11.28,9.56,11.25,41051200,850115000
1483372800.0,8.37,10.0,8.32,9.73,33625200,732988000
1483286400.0,8.17,8.44,8.05,8.38,14579600,714900000
1483200000.0,7.98,8.47,7.98,8.17,14731700,698149000
1483113600.0,8.15,8.16,7.91,7.97,9066800,712662000
1483027200.0,8.29,8.47,8.05,8.16,13909900,724528000
1482940800.0,7.54,8.53,7.54,8.28,27543800,658674000
1482854400.0,7.15,7.62,7.08,7.52,17453300,624359000
1482768000.0,7.28,7.32,7.09,7.17,8778610,635260000
1482681600.0,7.13,7.33,7.05,7.27,5836810,622439000
1482595200.0,7.26,7.34,7.14,7.18,8671840,633792000
1482508800.0,7.15,7.41,7.15,7.27,7626020,623759000
1482422400.0,7.58,7.69,7.16,7.17,19613100,660546000
1482336000.0,7.9,7.91,7.5,7.59,16376700,688380000
1482249600.0,7.66,7.94,7.66,7.91,9393550,667625000
1482163200.0,7.63,7.75,7.57,7.66,6313550,664772000
1482076800.0,7.87,7.87,7.63,7.64,5894760,685054000
1481990400.0,7.86,7.93,7.72,7.87,5890020,684028000
1481904000.0,7.86,7.9,7.52,7.88,8502620,683357000
1481817600.0,7.86,7.93,7.8,7.86,5178610,683399000
1481731200.0,8.24,8.24,7.72,7.83,13184400,715861000
1481644800.0,8.45,8.52,8.25,8.27,7337220,734382000
1481558400.0,8.52,8.53,8.35,8.42,4486190,740099000
1481472000.0,8.19,8.61,8.17,8.52,9119700,711348000
1481385600.0,8.13,8.27,8.1,8.19,5545500,705363000
1481299200.0,8.44,8.53,8.02,8.13,8108370,732173000
1481212800.0,8.17,8.67,8.05,8.45,12916300,708468000
1481126400.0,8.38,8.86,8.23,8.23,16042700,726878000
1481040000.0,7.89,8.54,7.33,8.38,22229600,684258000
1480953600.0,6.8,7.92,5.98,7.87,50671200,589548000
1480867200.0,7.41,7.64,6.66,6.82,17344500,641820000
1480780800.0,7.9,7.95,7.44,7.44,8450790,684258000
1480694400.0,7.77,8.15,7.67,7.92,12112100,672138000
1480608000.0,8.46,8.46,7.42,7.76,18579800,731520000
1480521600.0,8.6,8.65,8.36,8.45,5882340,743882000
1480435200.0,8.16,8.75,8.16,8.59,10626600,705040000
1480348800.0,8.73,8.74,7.88,8.17,17000400,754307000
1480262400.0,9.0,9.01,8.72,8.72,6046890,777311000
1480176000.0,9.31,9.33,8.78,9.0,8707660,804085000
1480089600.0,9.42,9.5,9.31,9.33,3505990,812795000
1480003200.0,9.23,9.75,9.21,9.4,7669720,796268000
1479916800.0,9.85,9.85,8.93,9.23,15987800,849229000
1479830400.0,9.92,9.96,9.76,9.84,4812310,855265000
1479744000.0,9.63,10.24,9.59,9.91,11284400,829616000
1479657600.0,9.58,9.64,9.54,9.62,3663210,825381000
1479571200.0,9.66,9.71,9.52,9.58,5173420,832050000
1479484800.0,9.48,9.75,9.48,9.66,5186540,816380000
1479398400.0,9.99,10.01,9.48,9.48,10816100,859571000
1479312000.0,10.06,10.19,9.92,9.99,6984700,865393000
1479225600.0,10.22,10.33,9.93,10.06,9533550,878610000
1479139200.0,9.97,10.32,9.85,10.22,6557550,857223000
1479052800.0,10.1,10.16,9.96,9.97,3573250,867755000
1478966400.0,9.89,10.41,9.84,10.1,8227770,849342000
1478880000.0,10.29,10.34,9.7,9.88,10052500,883780000
1478793600.0,10.51,10.57,10.26,10.29,6056300,902479000
1478707200.0,10.67,10.68,10.51,10.52,4253980,915940000
1478620800.0,10.82,10.83,10.22,10.66,14606600,928063000
1478534400.0,10.85,10.92,10.74,10.83,6258150,930345000
1478448000.0,10.9,10.96,10.78,10.81,5992480,934536000
1478361600.0,10.99,11.25,10.85,10.87,5688710,941729000
1478275200.0,11.09,11.24,10.88,11.0,5502670,950213000
1478188800.0,10.82,11.12,10.82,11.09,9958040,926129000
1478102400.0,10.8,11.11,10.76,10.8,15228600,924097000
1478016000.0,10.77,11.16,10.69,10.75,11691700,921691000
1477929600.0,10.96,11.18,10.3,10.77,22901300,937123000
1477843200.0,11.23,11.5,10.94,11.0,13393900,960008000
1477756800.0,10.43,11.45,10.29,11.18,16694900,891164000
1477670400.0,11.1,11.2,9.56,10.44,27070400,948271000
1477584000.0,11.47,11.58,10.95,11.09,13971500,979916000
1477497600.0,11.53,11.61,11.26,11.5,13255400,984361000
1477411200.0,11.38,11.66,11.38,11.53,10221800,971440000
1477324800.0,11.97,11.99,11.15,11.41,19316000,1020850000
1477238400.0,12.04,12.1,11.91,11.97,5739690,1026400000
1477152000.0,12.13,12.14,11.94,12.04,5774660,1033970000
1477065600.0,12.18,12.19,11.95,12.07,7583820,1037850000
1476979200.0,12.13,12.21,12.02,12.18,5676920,1033140000
1476892800.0,12.05,12.29,12.0,12.1,8170760,1025620000
1476806400.0,12.59,12.62,11.91,12.02,10576200,1071710000
1476720000.0,12.0,12.93,12.0,12.59,18864200,1020530000
1476633600.0,11.96,12.03,11.86,12.01,5724440,1016710000
1476547200.0,11.98,12.01,11.93,11.95,3617280,1018540000
1476460800.0,11.94,12.0,11.78,11.98,4991840,1014280000
1476374400.0,11.99,12.07,11.9,11.94,4333510,1018390000
1476288000.0,11.91,12.13,11.78,11.96,8665190,1011190000
1476201600.0,11.78,12.07,11.71,11.93,9694640,1000220000
1476115200.0,11.76,12.16,11.75,11.79,11727700,997949000
1476028800.0,12.06,12.06,11.62,11.76,10809200,1022860000
1475942400.0,12.22,12.36,11.98,12.05,7208480,1035590000
1475856000.0,12.67,12.69,12.05,12.22,11611200,1073990000
1475769600.0,12.85,12.99,12.53,12.67,8933050,1088570000
1475683200.0,13.03,13.14,12.69,12.85,12044800,1102940000
1475596800.0,13.28,13.35,13.04,13.04,9881370,1124270000
1475510400.0,13.45,13.53,13.21,13.28,8348280,1137980000
1475424000.0,13.2,13.49,13.19,13.45,7458320,1116600000
1475337600.0,13.18,13.3,13.14,13.2,4079660,1114200000
1475251200.0,13.2,13.31,13.05,13.17,6331160,1115690000
1475164800.0,13.08,13.34,13.02,13.22,5950840,1104530000
1475078400.0,13.28,13.34,13.07,13.07,5990630,1121060000
1474992000.0,13.11,13.48,13.08,13.27,10239000,1106330000
1474905600.0,12.86,13.21,12.86,13.1,6831070,1085330000
1474819200.0,13.17,13.17,12.74,12.82,7213070,1110700000
1474732800.0,12.85,13.11,12.8,13.1,5283440,1083510000
1474646400.0,13.32,13.34,12.68,12.88,9824880,1122670000
1474560000.0,13.21,13.45,13.1,13.33,9166430,1112590000
1474473600.0,13.67,13.67,12.48,13.25,27382800,1150650000
1474387200.0,14.43,14.43,13.17,13.77,28645000,1214950000
1474300800.0,13.21,14.43,13.12,14.43,31929100,1111810000
1474214400.0,12.44,13.19,12.42,13.19,13838800,1045870000
1474128000.0,12.69,12.99,12.16,12.43,22433300,1066620000
1474041600.0,12.56,12.76,12.44,12.7,7446610,1055440000
1473955200.0,11.96,12.75,11.9,12.56,17421500,1004740000
1473868800.0,11.94,12.14,11.92,11.94,7309090,1002970000
1473782400.0,11.9,12.0,11.86,11.92,5694820,999352000
1473696000.0,11.89,12.09,11.88,11.92,11704300,997638000
1473609600.0,11.64,11.95,11.61,11.89,7478080,976645000
1473523200.0,12.21,12.21,11.59,11.64,8791180,1023640000
1473436800.0,11.66,12.22,11.54,12.17,7220300,977515000
1473350400.0,11.41,11.68,11.39,11.65,6109200,956210000
1473264000.0,11.55,11.7,11.25,11.35,11535000,967010000
1473177600.0,11.69,11.73,11.52,11.55,6115050,979087000
1473091200.0,11.73,11.73,11.47,11.69,6346330,981303000
1473004800.0,11.68,11.81,11.59,11.72,5724100,977169000
1472918400.0,11.75,11.79,11.47,11.68,7220550,982952000
1472832000.0,12.11,12.36,11.35,11.76,13358800,1012580000
1472745600.0,11.96,12.31,11.88,12.11,9368300,999757000
1472659200.0,11.67,12.58,11.65,11.99,24051500,974844000
1472572800.0,11.24,11.68,11.18,11.67,11073700,938406000
1472486400.0,10.99,11.3,10.96,11.23,7221260,917474000
1472400000.0,10.92,11.15,10.79,10.98,8130540,910698000
1472313600.0,11.15,11.15,10.92,10.93,5303040,929690000
1472227200.0,11.29,11.29,11.14,11.15,15108400,941585000
1472140800.0,11.35,11.45,11.21,11.3,5857850,946092000
1472054400.0,11.03,11.39,11.02,11.36,8552380,918977000
1471968000.0,11.02,11.15,11.01,11.04,4423420,918039000
1471881600.0,11.14,11.23,10.9,11.03,6489380,927065000
1471795200.0,11.19,11.34,11.08,11.12,6588920,930708000
1471708800.0,11.25,11.25,10.99,11.18,4355660,936015000
1471622400.0,10.75,11.3,10.75,11.25,7443540,893814000
1471536000.0,10.75,10.8,10.73,10.75,5390850,893156000
1471449600.0,10.75,11.01,10.74,10.76,6935800,892903000
1471363200.0,11.13,11.15,10.75,10.75,8833760,924591000
1471276800.0,11.23,11.24,11.0,11.14,7051510,932162000
1471190400.0,11.2,11.31,11.0,11.22,7500840,929558000
1471104000.0,11.58,11.69,11.1,11.19,8680160,960855000
1471017600.0,11.77,11.79,11.51,11.57,7539490,975999000
1470931200.0,11.69,12.04,11.64,11.78,13690100,968865000
1470844800.0,12.14,12.27,11.63,11.69,17505000,1005720000
1470758400.0,12.23,12.46,11.98,12.14,28096300,1012910000
1470672000.0,11.27,12.45,11.2,12.24,36656600,933431000
1470585600.0,10.91,11.33,10.86,11.25,14956700,903184000
1470499200.0,10.86,11.09,10.78,10.91,16551000,898340000
1470412800.0,10.92,10.94,10.29,10.88,16712600,902752000
1470326400.0,11.02,11.18,10.76,10.93,15487900,910856000
1470240000.0,10.31,11.29,10.16,11.04,38151400,851992000
1470153600.0,8.88,10.42,8.88,10.29,53979400,733204000
1470067200.0,10.95,11.14,8.2,8.79,88803300,903978000
1469980800.0,11.89,12.01,10.94,10.94,23999500,981735000
1469894400.0,12.44,12.51,11.55,11.88,25441400,1026310000
1469808000.0,12.8,12.8,12.46,12.46,9047810,1055410000
1469721600.0,12.84,12.87,12.55,12.79,14082300,1058220000
1469635200.0,12.98,12.99,12.49,12.84,24603900,1069560000
1469548800.0,12.05,13.31,11.84,12.97,58278800,992645000
1469462400.0,13.82,13.85,11.73,11.99,94428800,1137660000
1469376000.0,12.74,13.86,12.68,13.84,36673800,1048920000
1469289600.0,14.3,14.44,12.32,12.75,77750800,1176250000
1469203200.0,14.67,14.9,14.05,14.3,32489700,1206190000
1469116800.0,12.66,14.81,12.54,14.66,74779500,1040640000
1469030400.0,12.46,12.71,11.99,12.65,24636900,1024000000
1468944000.0,11.59,12.99,11.57,12.45,60226100,952143000
1468857600.0,11.05,12.01,11.01,11.62,21730000,907135000
1468771200.0,11.17,11.61,10.95,11.03,15931900,917151000
1468684800.0,11.62,11.67,11.01,11.16,17921600,953762000
1468598400.0,11.92,11.94,11.59,11.65,10445700,977658000
1468512000.0,11.5,12.43,11.49,11.95,26838900,942817000
1468425600.0,10.6,11.68,10.6,11.51,23621900,868509000
1468339200.0,10.51,10.59,10.4,10.5,6715660,860770000
1468252800.0,10.45,10.76,10.43,10.52,11127700,855555000
1468166400.0,10.94,11.01,10.26,10.46,13098000,895670000
1468080000.0,10.96,11.01,10.78,10.95,5479240,896899000
1467993600.0,11.42,11.46,10.73,10.97,17254800,933946000
1467907200.0,10.12,11.52,9.96,11.39,20039800,827090000
1467820800.0,10.54,10.57,9.8,10.11,15407200,861144000
1467734400.0,10.58,11.11,10.28,10.53,18137300,864063000
1467648000.0,11.46,11.52,9.58,10.61,45526900,935730000
1467561600.0,11.7,11.88,11.39,11.47,12943500,954849000
1467475200.0,12.12,12.15,11.59,11.72,10588700,989132000
1467388800.0,12.22,12.22,11.95,12.13,8987070,996510000
1467302400.0,12.44,12.49,11.73,12.2,17236500,1014220000
1467216000.0,12.6,12.74,12.25,12.46,15801300,1027260000
1467129600.0,12.17,13.04,11.69,12.61,26982800,991926000
1467043200.0,13.93,13.98,11.72,12.18,43436600,1134340000
1466956800.0,13.81,14.12,13.75,13.88,10994700,1124170000
1466870400.0,14.26,14.37,13.66,13.85,14747600,1160590000
1466784000.0,14.3,14.58,14.02,14.28,15383100,1163530000
1466697600.0,13.68,14.57,13.22,14.33,33332900,1112590000
1466611200.0,13.22,13.79,12.56,13.68,30806400,1074240000
1466524800.0,13.2,15.79,13.1,13.1,96994100,1072510000
1466438400.0,11.82,13.42,11.29,13.31,69245600,960014000
1466352000.0,12.24,12.45,10.52,11.84,58143600,993503000
1466265600.0,11.17,13.18,10.64,12.23,69783600,906292000
1466179200.0,15.38,15.38,9.96,11.33,133937000,1247530000
1466092800.0,20.65,21.52,13.57,15.38,199408000,1674540000
1466006400.0,18.36,20.83,18.36,20.59,38531000,1488420000
1465920000.0,18.91,18.91,17.71,18.35,19393400,1531790000
1465833600.0,17.61,19.27,17.3,18.89,64412200,1426500000
1465747200.0,15.77,17.64,15.72,17.6,38023400,1276930000
1465660800.0,14.19,15.9,14.19,15.74,38210300,1148070000
1465574400.0,13.91,14.19,13.72,14.19,12176500,1125180000
1465488000.0,14.38,14.43,13.82,13.91,11312900,1162500000
1465401600.0,14.43,14.57,14.34,14.4,8256830,1166450000
1465315200.0,14.51,14.78,14.28,14.42,16941800,1172230000
1465228800.0,13.95,14.51,13.81,14.51,21421600,1126330000
1465142400.0,14.0,14.06,13.73,13.93,8720400,1130350000
1465056000.0,13.76,14.07,13.57,13.98,11088400,1110690000
1464969600.0,13.86,13.95,13.42,13.74,15792400,1118460000
1464883200.0,13.74,13.87,13.25,13.85,22981500,1108220000
1464796800.0,13.99,14.05,13.63,13.74,10477200,1127830000
1464710400.0,14.11,14.32,13.44,14.0,22471300,1136900000
1464624000.0,12.74,14.27,12.64,14.08,42433400,1026410000
1464537600.0,12.33,12.88,12.27,12.73,14733800,992329000
1464451200.0,12.11,12.69,11.78,12.35,28598400,974784000
1464364800.0,11.33,12.36,10.37,11.89,47274800,911724000
1464278400.0,12.39,12.39,10.5,11.3,57496400,996293000
1464192000.0,12.52,12.99,12.06,12.43,20764000,1006080000
1464105600.0,12.79,12.9,11.77,12.53,27444700,1027940000
1464019200.0,13.31,13.77,12.01,12.73,41560600,1068670000
1463932800.0,14.28,14.49,13.19,13.46,23842800,1146470000
1463846400.0,14.04,14.35,13.77,14.29,17938900,1126810000
1463760000.0,13.69,14.05,13.12,14.02,24648400,1098220000
1463673600.0,14.85,15.05,13.38,13.64,50544100,1191080000
1463587200.0,13.54,14.87,13.34,14.77,53757500,1085570000
1463500800.0,12.18,14.26,12.18,13.56,65389900,975878000
1463414400.0,11.19,12.49,11.15,12.2,37198700,896505000
1463328000.0,9.97,11.44,9.97,11.17,29079900,798116000
1463241600.0,10.24,10.44,9.93,9.96,9218400,819399000
1463155200.0,10.51,10.62,9.81,10.24,18808000,840395000
1463068800.0,10.06,11.05,10.02,10.51,31276900,804647000
1462982400.0,10.0,10.51,9.86,10.06,24137700,798952000
1462896000.0,9.43,10.01,9.39,10.0,15267500,753600000
1462809600.0,9.28,9.48,9.26,9.36,9321790,741417000
1462723200.0,9.49,9.64,9.2,9.3,13085300,758000000
1462636800.0,9.37,9.6,8.93,9.48,15031000,748030000
1462550400.0,9.32,9.48,9.21,9.37,10806500,743166000
1462464000.0,9.81,9.95,9.04,9.35,21510600,782261000
1462377600.0,9.4,10.05,9.29,9.83,18296200,749038000
1462291200.0,9.38,10.03,9.27,9.41,17622400,747638000
1462204800.0,10.17,10.17,9.28,9.31,21463900,809644000
1462118400.0,8.89,10.32,8.85,10.16,41019200,708137000
1462032000.0,8.78,9.01,8.43,8.85,16713800,698377000
1461945600.0,7.45,9.37,7.45,8.81,36573300,592992000
1461859200.0,7.21,7.73,7.17,7.46,8762080,573124000
1461772800.0,7.74,7.91,7.17,7.17,11576000,615316000
1461686400.0,7.39,7.97,7.32,7.76,19254500,587076000
1461600000.0,7.53,7.55,7.06,7.4,17667300,597819000
1461513600.0,8.01,8.09,7.24,7.55,18239900,635784000
1461427200.0,8.29,8.47,7.96,8.0,10786400,658203000
1461340800.0,7.79,8.55,7.74,8.29,14565200,618147000
1461254400.0,8.15,8.27,7.67,7.82,13309300,646298000
1461168000.0,8.45,8.72,7.96,8.1,13355400,670104000
1461081600.0,8.69,8.83,8.31,8.47,15634700,688434000
1460995200.0,9.08,9.31,8.6,8.71,12899100,718825000
1460908800.0,9.33,9.51,8.5,9.04,21084100,738916000
1460822400.0,8.62,9.7,8.56,9.31,24619600,682467000
1460736000.0,8.24,8.65,8.11,8.61,9888460,651554000
1460649600.0,8.39,8.62,8.1,8.24,12179000,663169000
1460563200.0,8.08,8.76,8.02,8.39,13590700,638330000
1460476800.0,7.44,8.72,7.07,8.04,31403300,587994000
1460390400.0,8.64,8.64,7.15,7.44,23190100,682395000
1460304000.0,8.94,8.95,8.0,8.64,15138100,706074000
1460217600.0,9.15,9.22,7.46,8.94,42613400,722133000
1460131200.0,9.69,10.09,9.07,9.15,16194800,764797000
1460044800.0,10.08,10.39,9.66,9.72,14660600,794705000
1459958400.0,10.7,10.81,9.95,10.07,13464500,843091000
1459872000.0,10.45,10.97,10.28,10.69,16997100,823420000
1459785600.0,11.21,11.21,10.13,10.44,20557300,883170000
1459699200.0,11.62,11.62,11.02,11.16,9599070,914560000
1459612800.0,11.63,11.71,11.51,11.62,5580550,915175000
1459526400.0,11.63,11.69,11.4,11.6,8682620,914995000
1459440000.0,11.4,11.85,11.4,11.66,11373100,896537000
1459353600.0,11.92,12.01,11.32,11.4,14966700,936992000
1459267200.0,11.61,12.18,11.47,11.95,19351200,911902000
1459180800.0,11.75,11.91,11.35,11.66,17684200,923114000
1459094400.0,10.43,11.86,10.41,11.67,23188300,819007000
1459008000.0,10.99,11.05,10.11,10.42,16744800,862211000
1458921600.0,10.77,11.18,10.59,10.97,9425480,844742000
1458835200.0,11.26,11.37,10.53,10.74,13782000,883012000
1458748800.0,12.44,12.5,10.8,11.24,26081800,975295000
1458662400.0,11.33,12.43,11.24,12.42,19353200,887595000
1458576000.0,11.88,12.03,11.18,11.27,19730300,929610000
1458489600.0,10.3,12.01,10.16,11.86,28572600,805997000
1458403200.0,10.52,10.9,9.57,10.32,17651100,822297000
1458316800.0,11.2,11.2,9.78,10.53,26735700,875689000
1458230400.0,11.11,11.18,8.52,11.0,53956800,867949000
1458144000.0,12.56,12.64,10.44,11.08,41650600,977389000
1458057600.0,13.02,13.73,12.5,12.52,24335500,1013020000
1457971200.0,13.0,13.2,12.05,13.01,28404500,1011090000
1457884800.0,14.51,15.01,11.58,12.45,58385100,1128180000
1457798400.0,13.51,15.26,13.47,14.48,43915100,1049930000
1457712000.0,11.13,13.53,11.09,13.53,48957300,864733000
1457625600.0,11.22,11.6,10.39,11.08,21002700,871511000
1457539200.0,11.88,12.24,10.99,11.31,26851500,922452000
1457452800.0,9.79,12.05,9.67,11.9,27540500,760017000
1457366400.0,9.58,10.17,8.82,9.85,25524300,743456000
1457280000.0,11.43,11.65,9.31,9.55,34085100,886447000
1457193600.0,11.2,11.84,9.99,11.38,39112000,868736000
1457107200.0,10.37,12.27,9.97,11.0,56439600,803827000
1457020800.0,9.24,10.41,8.48,10.41,35520100,716027000
1456934400.0,8.44,10.1,8.33,9.29,40314900,653959000
1456848000.0,7.63,8.75,7.37,8.47,29130200,591078000
1456761600.0,6.32,7.91,6.31,7.65,23098100,489188000
1456675200.0,6.46,6.61,6.05,6.34,7648020,499587000
1456588800.0,6.41,6.62,6.24,6.47,9851660,495545000
1456502400.0,5.96,6.53,5.92,6.43,8903210,461169000
1456416000.0,6.04,6.27,5.74,5.92,9526860,466797000
1456329600.0,6.19,6.65,5.55,6.1,21471800,478149000
1456243200.0,5.6,6.24,5.51,6.24,11426500,432977000
1456156800.0,5.68,5.95,5.39,5.59,13380600,439084000
1456070400.0,4.66,5.65,4.64,5.62,15056200,360185000
1455984000.0,4.36,4.71,4.23,4.65,6413550,336572000
1455897600.0,4.68,4.75,4.13,4.34,8631090,361281000
1455811200.0,4.38,4.79,4.27,4.74,7666320,338222000
1455724800.0,3.77,4.77,3.42,4.4,17054000,291068000
1455638400.0,4.29,4.77,3.5,3.76,15451000,330635000
1455552000.0,5.33,5.47,4.03,4.32,15889100,410605000
1455465600.0,5.33,5.89,5.02,5.29,13934200,410643000
1455379200.0,5.4,5.47,4.45,5.24,11226500,416193000
1455292800.0,5.69,5.72,4.19,5.39,24218800,437667000
1455206400.0,5.95,6.58,5.07,5.55,23360800,457618000
1455120000.0,4.5,6.29,4.34,6.01,26408200,345964000
1455033600.0,4.0,4.86,3.78,4.44,28640400,307684000
1454947200.0,3.17,4.04,3.17,4.04,17954000,244110000
1454860800.0,2.97,3.27,2.88,3.18,9725690,228504000
1454774400.0,2.54,3.06,2.54,2.96,7007060,194884000
1454688000.0,2.53,2.56,2.47,2.53,1921240,194621000
1454601600.0,2.57,2.61,2.47,2.54,2636700,197363000
1454515200.0,2.53,2.63,2.44,2.58,3552320,194126000
1454428800.0,2.43,2.54,2.34,2.53,3987750,186609000
1454342400.0,2.22,2.45,2.16,2.44,3451270,169923000
1454256000.0,2.32,2.32,2.12,2.21,3994100,177881000
1454169600.0,2.44,2.53,2.19,2.31,5847500,187289000
1454083200.0,2.51,2.61,2.4,2.45,3725080,192176000
1453996800.0,2.54,2.61,2.3,2.49,6662340,194815000
1453910400.0,2.41,2.68,2.34,2.53,4903850,184294000
1453824000.0,2.25,2.59,2.19,2.39,6961080,172061000
1453737600.0,2.53,2.84,1.99,2.28,13939200,193838000
1453651200.0,2.15,2.66,2.06,2.5,10739300,164313000
1453564800.0,1.9,2.3,1.9,2.14,9669770,145358000
1453478400.0,1.5,2.03,1.5,1.97,7370980,115002000
1453392000.0,1.55,1.58,1.47,1.5,1567240,118244000
1453305600.0,1.53,1.59,1.49,1.55,1614960,117111000
1453219200.0,1.36,1.62,1.35,1.53,2933220,104124000
1453132800.0,1.42,1.46,1.31,1.37,2446740,108628000
1453046400.0,1.33,1.54,1.32,1.43,4278930,101699000
1452960000.0,1.22,1.33,1.21,1.33,1171150,93207300
1452873600.0,1.22,1.31,1.17,1.22,2462630,93099400
1452787200.0,1.18,1.32,1.14,1.21,3910550,90321700
1452700800.0,1.12,1.19,1.1,1.19,751961,85539300
1452614400.0,1.14,1.15,1.08,1.13,1005910,86530000
1452528000.0,1.07,1.28,1.05,1.14,2898760,81217300
1452441600.0,0.999216,1.07,0.999216,1.06,1011920,76096500
1452355200.0,0.985557,1.0,0.975099,0.999231,390888,75031200
1452268800.0,0.985501,0.992345,0.9736,0.986833,226281,75001800
1452182400.0,0.942752,0.991825,0.939715,0.986789,545600,71724000
1452096000.0,0.955801,0.974623,0.93583,0.942005,647462,72692900
1452009600.0,0.950028,0.960659,0.935708,0.95086,308791,72229700
1451923200.0,0.953147,0.970597,0.946543,0.950176,219833,72442400
1451836800.0,0.972045,0.976438,0.929835,0.95448,346245,73853900
1451750400.0,0.93843,0.991362,0.934313,0.971905,407632,71275900
1451664000.0,0.947401,0.969637,0.93656,0.937124,255504,71933100
1451577600.0,0.933712,0.954822,0.931442,0.948024,206062,70870900
1451491200.0,0.912098,0.975414,0.910277,0.933542,663994,69207400
1451404800.0,0.874258,0.941099,0.866647,0.911958,604078,66314200
1451318400.0,0.843835,0.873054,0.833232,0.873054,215742,63985600
1451232000.0,0.856356,0.872394,0.832932,0.845005,235134,64913200
1451145600.0,0.853166,0.861538,0.841151,0.856365,164565,64650000
1451059200.0,0.870766,0.897453,0.838314,0.854603,425282,65961900
1450972800.0,0.861993,0.882556,0.861993,0.870363,187114,65275400
1450886400.0,0.859433,0.882818,0.8476,0.863262,354646,65060000
1450800000.0,0.861782,0.88294,0.856065,0.858077,334993,65215800
1450713600.0,0.894973,0.909526,0.862059,0.864202,454249,67704600
1450627200.0,0.906065,0.91739,0.891182,0.900771,549113,68521200
1450540800.0,0.90824,0.943185,0.899441,0.903885,472164,68663100
1450454400.0,0.921524,0.925874,0.888916,0.908072,343535,69644200
1450368000.0,0.938327,0.939493,0.908081,0.920127,300787,70890600
1450281600.0,0.993043,0.997611,0.911807,0.940701,640765,74999300
1450195200.0,1.02,1.02,0.974927,0.991182,320767,76791600
1450108800.0,0.990589,1.03,0.98224,1.01,578618,74764100
1450022400.0,0.95662,1.01,0.950178,0.993022,563436,72176400
1449936000.0,0.971538,0.989394,0.937438,0.952884,273614,73276400
1449849600.0,0.931196,1.05,0.928546,0.976973,1376280,70210000
1449763200.0,0.839995,0.929762,0.819789,0.929762,801072,63312400
1449676800.0,0.79559,0.86159,0.787291,0.840396,369589,59945000
1449590400.0,0.824454,0.824454,0.770488,0.792167,624221,62098400
1449504000.0,0.806024,0.823645,0.782328,0.822118,445903,60690400
1449417600.0,0.836322,0.850791,0.78765,0.811264,520409,62950900
1449331200.0,0.866417,0.882436,0.833115,0.8355,443608,65194900
1449244800.0,0.841195,0.872821,0.824444,0.862438,232743,63276000
1449158400.0,0.812082,0.859575,0.802373,0.840041,241278,61065700
1449072000.0,0.818546,0.837664,0.785086,0.812143,539969,61530500
1448985600.0,0.873171,0.878017,0.818924,0.82121,506307,65615700
1448899200.0,0.878316,0.886736,0.853937,0.8748,652857,65980000
1448812800.0,0.879951,0.895054,0.847696,0.873119,784439,66080400
1448726400.0,0.914144,0.914153,0.860533,0.878614,448358,68625100
1448640000.0,0.868102,0.929293,0.862122,0.915703,462464,65147000
1448553600.0,0.8821,0.900051,0.860695,0.867951,403813,66174600
1448467200.0,0.863273,0.903643,0.80436,0.884183,947473,64740900
1448380800.0,0.893827,0.899493,0.851106,0.863537,622991,67010200
1448294400.0,0.946442,0.948055,0.895931,0.900191,524195,70931100
1448208000.0,0.967493,0.969057,0.93387,0.946969,441875,72484200
1448121600.0,0.979765,0.984132,0.958982,0.968018,372173,73378800
1448035200.0,0.928758,0.978743,0.92094,0.97614,455976,69535300
1447948800.0,0.955735,0.955735,0.898576,0.92492,614335,71532500
1447862400.0,0.988713,1.01,0.937498,0.955532,443528,73976100
1447776000.0,0.993214,1.01,0.940516,0.993319,681104,74287700
1447689600.0,0.924948,1.03,0.905794,1.01,1145440,69157900
1447603200.0,0.906166,0.944732,0.891971,0.928962,620945,67730700
1447516800.0,0.891217,0.921516,0.874957,0.906368,411848,66590200
1447430400.0,0.905469,0.906113,0.876908,0.888812,372514,67631900
1447344000.0,0.907722,0.917309,0.846023,0.904096,543671,67777000
1447257600.0,0.796455,0.913919,0.76351,0.895711,806156,59448700
1447171200.0,0.941296,0.945278,0.729775,0.791829,1278580,70236200
1447084800.0,1.0,1.05,0.920968,0.934348,854581,74685300
1446998400.0,1.03,1.11,0.945263,0.999278,2045290,76991800
1446912000.0,0.915661,1.03,0.915661,1.03,1021460,68254300
1446825600.0,0.923732,0.943787,0.863539,0.927974,890187,68833200
1446739200.0,0.904772,0.989848,0.852929,0.926032,913666,67397100
1446652800.0,0.900699,0.991259,0.860382,0.895637,1179840,67070700
1446566400.0,1.01,1.04,0.725665,0.89905,3060340,75232400
1446480000.0,0.994568,1.07,0.936615,1.01,1907690,74010000
1446393600.0,1.06,1.1,0.953647,0.989789,1145200,78701400
1446307200.0,0.920847,1.08,0.899082,1.06,588913,68477200
1446220800.0,1.05,1.06,0.900171,0.916627,673892,77800300
1446134400.0,1.21,1.35,0.96816,1.04,2429200,89857400
1446048000.0,1.01,1.21,0.947374,1.21,2279240,74675600
1445961600.0,0.870938,1.06,0.807857,1.0,2373050,64676600
1445875200.0,0.70889,0.898172,0.70889,0.869641,1846370,52624300
1445788800.0,0.619743,0.757517,0.597098,0.731317,1089120,45991300
1445702400.0,0.563207,0.688192,0.561383,0.616039,635384,41781300
1445616000.0,0.539681,0.577396,0.518688,0.56359,258356,40022100
1445529600.0,0.56637,0.611743,0.504284,0.539657,878822,41986400
1445443200.0,0.444988,0.619466,0.420991,0.567702,924822,32977300
1445356800.0,0.431589,0.482988,0.420897,0.447329,609085,31973600
1445270400.0,0.489629,0.501898,0.431648,0.434829,383921,36261200
1445184000.0,0.517621,0.521546,0.480994,0.489014,243742,38321300
1445097600.0,0.547913,0.552234,0.512861,0.517734,133690,40550400
1445011200.0,0.534117,0.56346,0.526961,0.547178,313860,39515900
1444924800.0,0.562593,0.568861,0.522533,0.536495,249891,41608900
1444838400.0,0.523278,0.572714,0.51473,0.561878,371022,38688300
1444752000.0,0.61224,0.61224,0.483974,0.522968,971664,45250600
1444665600.0,0.627943,0.63024,0.599214,0.607655,303044,46395200
1444579200.0,0.634515,0.657789,0.62603,0.62603,109567,46864200
1444492800.0,0.627461,0.639506,0.618335,0.634963,102128,46327500
1444406400.0,0.641187,0.649022,0.624374,0.627857,141555,47325200
1444320000.0,0.655084,0.692296,0.632116,0.650628,386420,48334900
1444233600.0,0.609501,0.633138,0.591971,0.621716,310266,44955900
1444147200.0,0.650515,0.656301,0.602423,0.609388,218327,47964700
1444060800.0,0.622218,0.653944,0.60623,0.650645,262674,45863300
1443974400.0,0.666784,0.674438,0.62445,0.628643,234263,49131600
1443888000.0,0.686343,0.693126,0.660716,0.668379,103497,50556000
1443801600.0,0.678783,0.709204,0.675482,0.687171,163326,49981900
1443715200.0,0.683732,0.69112,0.654605,0.678574,219318,50328700
1443628800.0,0.734307,0.734307,0.655906,0.690215,596084,54032300
1443542400.0,0.661192,0.746722,0.635861,0.738644,619926,48636600
1443456000.0,0.579414,0.67583,0.558346,0.661146,913992,42607700
1443369600.0,0.723715,0.725677,0.557062,0.582886,1320890,53201800
1443283200.0,0.791277,0.791277,0.719169,0.720839,413801,58149600
1443196800.0,0.73763,0.787544,0.709328,0.785964,369620,54188900
1443110400.0,0.820031,0.825665,0.712745,0.736223,903457,60221400
1443024000.0,0.896796,0.908571,0.79346,0.81361,842505,65836400
1442937600.0,0.90356,0.90891,0.885136,0.893406,200541,66309600
1442851200.0,0.919337,0.919337,0.865225,0.901796,487914,67444200
1442764800.0,0.941496,0.957326,0.878301,0.919047,424039,69045900
1442678400.0,0.881191,0.947741,0.873205,0.938445,508314,64600000
1442592000.0,0.849603,0.911883,0.833784,0.882391,386988,62262700
1442505600.0,0.874574,0.888102,0.833908,0.853685,484622,64071300
1442419200.0,0.906865,0.909204,0.831132,0.874231,897940,66415200
1442332800.0,0.941977,0.952698,0.901639,0.907175,615593,68963300
1442246400.0,0.875189,1.05,0.875189,0.94441,703390,64052400
1442160000.0,0.940566,0.949387,0.87176,0.875622,741085,68814400
1442073600.0,1.04,1.04,0.902832,0.936003,644138,76193600
1441987200.0,0.987228,1.11,0.96978,1.04,772430,72179000
1441900800.0,1.16,1.17,0.940675,0.982978,1942600,85144300
1441814400.0,1.21,1.22,1.14,1.17,662782,88230500
1441728000.0,1.24,1.26,1.2,1.21,366748,90518300
1441641600.0,1.25,1.28,1.23,1.24,427892,91020700
1441555200.0,1.3,1.31,1.24,1.25,489014,94585300
1441468800.0,1.34,1.37,1.29,1.3,491968,97625500
1441382400.0,1.28,1.34,1.27,1.34,448453,93402300
1441296000.0,1.26,1.3,1.24,1.27,474391,92234100
1441209600.0,1.3,1.31,1.21,1.26,702991,94418700
1441123200.0,1.35,1.35,1.26,1.29,883769,98504600
1441036800.0,1.35,1.39,1.34,1.35,778862,98617200
1440950400.0,1.32,1.4,1.2,1.36,1447180,96251000
1440864000.0,1.18,1.37,1.17,1.32,1337650,86145900
1440777600.0,1.19,1.21,1.15,1.18,375377,86887600
1440691200.0,1.15,1.21,1.12,1.19,721872,83521700
1440604800.0,1.17,1.19,1.14,1.15,686662,85106100
1440518400.0,1.13,1.2,1.06,1.16,1056750,82384400
1440432000.0,1.23,1.24,1.13,1.14,1307180,89321900
1440345600.0,1.35,1.36,1.23,1.23,924920,97791600
1440259200.0,1.38,1.41,1.3,1.35,1589300,99894500
1440172800.0,1.4,1.48,1.35,1.38,948310,101404000
1440086400.0,1.48,1.56,1.35,1.4,2020970,107266000
1440000000.0,1.25,1.53,1.25,1.46,2843760,90809000
1439913600.0,1.17,1.32,1.17,1.26,1486240,84663900
1439827200.0,1.22,1.33,1.09,1.09,1485680,88143200
1439740800.0,1.58,1.58,1.19,1.2,1942830,95819700
1439654400.0,1.68,1.7,1.09,1.57,3550790,102028000
1439568000.0,1.8,1.88,1.57,1.69,2554360,109160000
1439481600.0,1.81,2.26,1.75,1.83,4637030,109594000
1439395200.0,1.22,1.97,1.17,1.83,4068680,73935400
1439308800.0,1.06,1.29,0.883608,1.22,2150620,64018400
1439222400.0,0.708087,1.13,0.663235,1.07,1463100,42796500
1439136000.0,0.713989,0.729854,0.636546,0.708448,405283,43130000
1439049600.0,0.706136,0.87981,0.629191,0.701897,532170,42637600
1438963200.0,2.79,2.8,0.714725,0.753325,674188,167911000
1438876800.0,2.83,3.54,2.52,2.77,164329,0
